{"mtx": [[-6.123567731561308, -6.0310667084259375, 5465.940957682726], [-0.17325630516594315, -12.721962979327673, 4635.472444714754], [-0.00016042250478327845, -0.006994560299664468, 1.0]], "imtx": [[0.25632858727810826, -0.4189598680588993, 541.0], [-0.007421104536488365, -0.06826417038106766, 356.99999999999966], [-1.0786489151872803e-05, -0.000544688447474638, 1.0]], "picRect": [[0.111979, 0.63704], [0.77344, 0.63704], [0.54948, 0.324074], [0.28177, 0.33056]], "realRect": [[0.0, 1080.0], [1920.0, 1080.0], [1920.0, 0.0], [0.0, 0.0]], "imagsize": [1920, 1080], "realSize": [18, 200]}