{"mtx": [[-6.123567731561292, -6.031066708425921, 5465.940957682712], [-0.11710842849179315, -6.924342338349694, 1980.9995638811133], [-0.00016042250478327759, -0.006994560299664455, 1.0]], "imtx": [[0.16625047688847805, -0.772286492132604, 621.1839132469518], [-0.004813205508334389, -0.12583424022495482, 275.5862721326955], [-6.995938238858388e-06, -0.0010040473144941084, 1.0]], "picRect": [[0.111979, 0.63704], [0.77344, 0.63704], [0.54948, 0.324074], [0.28177, 0.33056]], "realRect": [[0.0, 1080.0], [1920.0, 1080.0], [1920.0, 0.0], [0.0, 0.0]], "imagsize": [1920, 1080], "realSize": [10, 100]}