{"mtx": [[-8.103800430413846, -7.671597740791787, 7122.916426316556], [-0.2909779138454935, -22.571572459729282, 8215.470419513762], [0.00014760314403724259, -0.009782538573141385, 1.0]], "imtx": [[0.31987792350177124, -0.3431895645354505, 541.0], [0.008321784955983902, -0.05066969479562522, 357.0], [3.4193195112335864e-05, -0.00044502238510130484, 1.0]], "picRect": [[328.0, 582.0], [1341.0, 544.0], [1084.0, 350.0], [541.0, 357.0]], "realRect": [[0.0, 1080.0], [1920.0, 1080.0], [1920.0, 0.0], [0.0, 0.0]], "imagSize": [1920, 1080], "realSize": [22.5, 100]}